<?xml version="1.0" encoding="utf-8"?>
<!DOCTYPE install SYSTEM "http://www.joomla.org/xml/dtd/1.5/module-install.dtd">
<install type="module" version="1.5.0">
	<name>VirtueMart Search</name>
	<creationDate>February 2010</creationDate>
	<author>Studio 42</author>
	<authorEmail>contact|at|st42.fr</authorEmail>
	<authorUrl>http://www.st42.fr</authorUrl>
	<copyright>
		Copyright (C) 2010 Studio 42. All rights
		reserved.
	</copyright>
	<license>http://www.gnu.org/licenses/gpl-2.0.html GNU/GPL</license>
	<version>1.1.0</version>
	<description>MOD_VIRTUEMART_SEARCH_DESC</description>
	<files>
		<filename module="mod_virtuemart_search">mod_virtuemart_search.php</filename>
        <filename>index.html</filename>
        <filename>tmpl/default.php</filename>
        <filename>tmpl/index.html</filename>
	</files>
	<params>
		<param name="width" type="text" default="20" label="BOX_WIDTH" description="BOX_WIDTH_DESC" />
		<param name="text" type="text" default="" label="TEXT" description="TEXT_DESC" />
		<param name="@spacer" type="spacer" default="" label="" description="" />
		<param name="button" type="radio" default="" label="SEARCH_BUTTON" description="SEARCH_BUTTON_DESC">
			<option value="">No</option>
			<option value="1">Yes</option>
		</param>
		<param name="button_pos" type="list" default="right" label="SEARCH_BUTTON_POS" description="SEARCH_BUTTON_POS_DESC">
			<option value="right">Right</option>
			<option value="left">Left</option>
			<option value="top">Top</option>
			<option value="bottom">Bottom</option>
		</param>
		<param name="imagebutton" type="radio" default="" label="SEARCH_BUTTON_AS_IMG" description="SEARCH_BUTTON_AS_IMG_DESC">
			<option value="">No</option>
			<option value="1">Yes</option>
		</param>
		<param name="button_text" type="text" default="" label="SEARCH_BUTTON_TXT" description="SEARCH_BUTTON_TXT_DESC" />
	</params>
	<params group="advanced">
		<param name="moduleclass_sfx" type="text" default="" label="Module Class Suffix" description="PARAMMODULECLASSSUFFIX" />
		<param name="cache" type="list" default="1" label="Caching" description="Select whether to cache the content of this module">
			<option value="1">Use global</option>
			<option value="0">No caching</option>
		</param>
		<param name="cache_time" type="text" default="900" label="Cache Time" description="The time before the module is recached" />
	</params>
</install>
