<?xml version="1.0" encoding="utf-8"?>
<!DOCTYPE install SYSTEM "http://dev.joomla.org/xml/1.5/module-install.dtd">
<install type="module" version="1.5.0">
	<name>VirtueMart Shopping Cart</name>
	<creationDate>February 2008</creationDate>
	<author>The VirtueMart Development Team</author>
	<authorEmail>soeren|at|virtuemart.net</authorEmail>
	<authorUrl>http://www.virtuemart.net</authorUrl>
	<copyright>
		Copyright (C) 2004-2008 Soeren Eberhardt-Biermann. All rights
		reserved.
	</copyright>
	<license>http://www.gnu.org/licenses/gpl-2.0.html GNU/GPL</license>
	<version>1.1.0</version>
	<description>Shows a shopping cart for your customers.</description>
	<files>
		<filename module="mod_virtuemart_cart">mod_virtuemart_cart.php</filename>
	</files>
	<params>
		<param name="moduleclass_sfx" type="text" default=""
			label="Module Class Suffix"
			description="A suffix to be applied to the css class of the module (table.moduletable), this allows individual module styling" />
		<param name="show_price" type="list" default="1"
			label="Show Product Price?"
			description="Defines wether the product price is displayed or not.">
			<option value="1">Yes</option>
			<option value="0">No</option>
		</param><br/>
		<param name="show_product_list" type="list" default="1"
			label="Show Product list in cart?"
			description="Defines wether the product list in cart  is displayed or not.">
			<option value="1">Yes</option>
			<option value="0">No</option>
		</param>
	</params>
</install>
