<?xml version="1.0" encoding="utf-8"?>
<!DOCTYPE install SYSTEM "http://www.joomla.org/xml/dtd/1.5/module-install.dtd">
<install type="module" version="1.5.0">
	<name>VirtueMart Products Show</name>
	<creationDate>February 2008</creationDate>
	<author>The VirtueMart Development Team</author>
	<authorEmail>cyber__fr|at|hotmail.com</authorEmail>
	<authorUrl>http://www.virtuemart.net</authorUrl>
	<copyright>
		Copyright (C) 2010 Kohl Patrick . All rights
		reserved.
	</copyright>
	<license>http://www.gnu.org/licenses/gpl-2.0.html GNU/GPL</license>
	<version>1.1.0</version>
	<description>MOD_VIRTUEMART_PRODUCT_DESC</description>
	<files>
		<filename module="mod_virtuemart_product">mod_virtuemart_product.php</filename>
        <filename>index.html</filename>
        <filename>helper.php</filename>
        <filename>tmpl/default.php</filename>
        <filename>tmpl/index.html</filename>
	</files>
	<params>
		<param name="product_group" type="list" default="featured"
			label="DISPLAY"
			description="DISPLAY_DESC">
			<option value="featured">FEATURED_PRODUCTS</option>
			<option value="latest">LATEST_PRODUCTS</option>
			<option value="random">RANDOM_PRODUCTS</option>
			<option value="topten">BEST_SALES</option>
		</param>
		<param name="max_items" type="text" default="2"
			label="MAX_ITEMS"
			description="MAX_ITEMS_DESC" />
		<param name="products_per_row" type="text" default=""
			label="PRODUCTS_PER_ROW"
			description="PRODUCTS_PER_ROW_DESC" />
		<param name="display_style" type="list" default="list"
			label="DISPLAY_STYLE"
			description="DISPLAY_STYLE_DESC">
			<option value="list">List based ul-li</option>
			<option value="div">Div based</option>
		</param>
		<param name="show_price" type="list" default="1"
			label="SHOW_PRICE"
			description="SHOW_PRICE">
			<option value="1">Yes</option>
			<option value="0">No</option>
		</param>
		<param name="show_addtocart" type="list" default="1"
			label="SHOW_ADDTOCART"
			description="SHOW_ADDTOCART_DESC">
			<option value="1">Yes</option>
			<option value="0">No</option>
		</param>
		<param name="@spacer" type="spacer" default="" label="" description="" />
		<param name="headerText" type="text" default=""
			label="HEADER_TEXT"
			description="HEADER_TEXT_DESC" />
		<param name="footerText" type="text" default=""
			label="FOOTER_TEXT"
			description="FOOTER_TEXT_DESC" />
		<param name="filter_category" type="list" default="0"
			label="FILTER_CATEGORY"
			description="FILTER_CATEGORY_DESC">
			<option value="1">Yes</option>
			<option value="0">No</option>
		</param>
		<param name="category_id" type="sql" query="SELECT category_id, category_name FROM #__vm_category" 
			key_field="category_id" value_field="category_name" label="CATEGORY" description="CATEGORY_DESC" />
	</params>
	<params group="advanced">
		<param name="cache" type="radio" default="0"
			label="Enable Cache"
			description="Select whether to cache the content of this module">
			<option value="0">No</option>
			<option value="1">Yes</option>
		</param>
		<param name="moduleclass_sfx" type="text" default=""
			label="Module Class Suffix"
			description="A suffix to be applied to the css class of the module (table.moduletable), this allows individual module styling" />
		<param name="class_sfx" type="text" default=""
			label="Menu Class Suffix"
			description="A suffix to be applied to the css class of the menu items" />
	</params>
</install>
